player_id,full_name,web_name
1,Aaron Anselmino,
2,Aaron Connolly,Connolly
3,Aaron Cresswell,Cresswell
4,Aaron Hickey,Hickey
5,Aaron Lennon,Lennon
6,Aaron Mooy,Mooy
7,Aaron Ramsdale,Ramsdale
8,Aaron Ramsey,Ramsey
9,Aaron Wan Bissaka,Wan-Bissaka
10,Abdoulaye Doucouré,Doucouré
11,Abdukodir Khusanov,
12,Abdul Fatawu,
13,Abdul Rahman Baba,Baba
14,Aboubakar Kamara,Kamara
15,Abu Kamara,Kamara
16,Adam Armstrong,A.Armstrong
17,Adam Davies,A.Davies
18,Adam Forshaw,Forshaw
19,Adam Idah,Idah
20,Adam Lallana,Lallana
21,Adam Masina,Masina
22,Adam Smith,Smith
23,Adam Webster,Webster
24,Adam Wharton,Wharton
25,Adama Traoré Diarra,Adama
26,Adedapo Awokoya Mebude,Mebude
27,Ademipo Odubeko,Odubeko
28,Ademola Lookman,Lookman
29,Ademola Ola Adebomi,Ola-Adebomi
30,Admiral Muskwe,Muskwe
31,Adrian Blake,Blake
32,Adrian Mazilu,
33,Adrien Silva,Silva
34,Adrián Bernabé,Bernabé
35,Adrián San Miguel del Castillo,Adrián
36,Ahmed El Mohamady,El Mohamady
37,Ahmed El Sayed Hegazy,Hegazi
38,Aidan Francis Clarke,Francis-Clarke
39,Ainsley Maitland Niles,Maitland-Niles
40,Ajibola Alese,Alese
41,Albert Grønbæk,
42,Albert Sambi Lokonga,Sambi Lokonga
43,Albian Ajeti,Ajeti
44,Alejandro Garnacho,Garnacho
45,Alejo Véliz,Veliz
46,Aleksandar Mitrović,Mitrović
47,Alex Iwobi,Iwobi
48,Alex Kirk,Kirk
49,Alex Kral,Kral
50,Alex Matos,Matos
51,Alex McCarthy,McCarthy
52,Alex Mighten,Mighten
53,Alex Murphy,A.Murphy
54,Alex Oxlade Chamberlain,Chamberlain
55,Alex Palmer,
56,Alex Paulsen,
57,Alex Robertson,Robertson
58,Alex Scott,Scott
59,Alex Smithies,Smithies
60,Alex Telles,Telles
61,Alexander Isak,Isak
62,Alexandre Jankewitz,Jankewitz
63,Alexandre Lacazette,Lacazette
64,Alexandre Moreno Lopera,Álex Moreno
65,Alexis Mac Allister,Mac Allister
66,Alfie Devine,Devine
67,Alfie Dorrington,Dorrington
68,Alfie Doughty,Doughty
69,Alfie Gilchrist,Gilchrist
70,Alfie Mawson,Mawson
71,Alfie Pond,
72,Alfie Whiteman,Whiteman
73,Ali Al Hamadi,
74,Alireza Jahanbakhsh,Jahanbakhsh
75,Alisson Ramses Becker,Alisson
76,Allan Campbell,Campbell
77,Allan Marques Loureiro,Allan
78,Allan Saint Maximin,Saint-Maximin
79,Allan Tchaptchet,Tchaptchet
80,Alphonse Areola,Areola
81,Altay Bayindir,Altay
82,Amad Diallo,Diallo
83,Amadou Diallo,Diallo
84,Amadou Onana,Onana
85,Amara Nallo,Nallo
86,Amari'i Bell,Bell
87,Amario Cozier Duberry,Cozier-Duberry
88,Ameen Al Dakhil,Al-Dakhil
89,Anass Zaroury,Zaroury
90,Andi Zeqiri,Zeqiri
91,Andre Brooks,Brooks
92,Andre Gray,Gray
93,Andreas Christensen,Christensen
94,Andreas Hoelgebaum Pereira,Andreas
95,Andreas Söndergaard,Söndergaard
96,Andrew Moran,Moran
97,Andrew Omobamidele,Omobamidele
98,Andrew Robertson,Robertson
99,Andrey Nascimento dos Santos,Andrey Santos
100,Andriy Yarmolenko,Yarmolenko
101,Andros Townsend,Townsend
102,André Ayew,A.Ayew
103,André Frank Zambo Anguissa,Anguissa
104,André Onana,Onana
105,André Tavares Gomes,André Gomes
106,André Trindade da Costa Neto,
107,Andrés García,
108,Andy Carroll,Carroll
109,Andy Irving,
110,Andy Lonergan,Lonergan
111,Anel Ahmedhodžić,Ahmedhodžić
112,Angelo Ogbonna,Ogbonna
113,Angus Gunn,Gunn
114,Anis Slimane,Slimane
115,Anssumane Fati Vieira,Ansu Fati
116,Anthony Driscoll Glennon,Driscoll-Glennon
117,Anthony Elanga,Elanga
118,Anthony Gordon,Gordon
119,Anthony Knockaert,Knockaert
120,Anthony Mancini,Mancini
121,Anthony Martial,Martial
122,Antoine Semenyo,Semenyo
123,Antonee Robinson,Robinson
124,Antonio Rüdiger,Rüdiger
125,Antony Matheus dos Santos,Antony
126,Antonín Kinsky,
127,Antwoine Hackford,Hackford
128,Anwar El Ghazi,El Ghazi
129,Archie Gray,Gray
130,Archie Harris,
131,Aribim Pepple,Pepple
132,Arijanet Muric,Muric
133,Armando Broja,Broja
134,Armel Bella Kotchap,Bella-Kotchap
135,Armstrong Oko Flex,Oko-Flex
136,Arnaut Danjuma Groeneveld,Danjuma
137,Arthur Henrique Ramos de Oliveira Melo,Arthur
138,Arthur Masuaku,Masuaku
139,Arthur Okonkwo,Okonkwo
140,Asher Agbinone,
141,Ashley Barnes,Barnes
142,Ashley Fletcher,Fletcher
143,Ashley Phillips,Phillips
144,Ashley Westwood,Westwood
145,Ashley Young,Young
146,Asmir Begovic,
147,Asmir Begović,Begović
148,Auston Trusty,Trusty
149,Axel Disasi,Disasi
150,Axel Piesold,Piesold
151,Axel Tuanzebe,Tuanzebe
152,Ayden Heaven,
153,Aymeric Laporte,Laporte
154,Ayotomiwa Dele Bashiru,Dele-Bashiru
155,Ayoze Pérez,Pérez
156,Bailey Peacock Farrell,Peacock-Farrell
157,Bali Mumba,Mumba
158,Bamidele Alli,Alli
159,Barry Douglas,Douglas
160,Bart Verbruggen,Verbruggen
161,Bashir Humphreys,Humphreys
162,Bastien Meupiyou,
163,Ben Brereton Díaz,
164,Ben Broggio,
165,Ben Chilwell,Chilwell
166,Ben Davies,Davies
167,Ben Doak,Doak
168,Ben Foster,Foster
169,Ben Gibson,Gibson
170,Ben Godfrey,Godfrey
171,Ben Greenwood,Greenwood
172,Ben Jackson,Jackson
173,Ben Johnson,Johnson
174,Ben Knight,Knight
175,Ben Mee,Mee
176,Ben Nelson,Nelson
177,Ben Osborn,Osborn
178,Ben Parkinson,Parkinson
179,Ben Pearson,Pearson
180,Ben White,White
181,Ben Wilmot,Wilmot
182,Ben Winterburn,
183,Ben Woodburn,Woodburn
184,Bendegúz Bolla,Bolla
185,Benicio Baker Boaitey,Baker-Boaitey
186,Benjamin Arthur,Arthur
187,Benjamin Chilwell,Chilwell
188,Benjamin Chrisene,Chrisene
189,Benjamin Fredrick,Fredrick
190,Benjamin Mendy,Mendy
191,Benjamin White,White
192,Benoît Badiashile,Badiashile
193,Bernard Anício Caldeira Duarte,Bernard
194,Bernardo Fernandes Da Silva Junior,Bernardo
195,Bernardo Veiga de Carvalho e Silva,Bernardo
196,Bernd Leno,Leno
197,Bertrand Traoré,Traoré
198,Bilal El Khannouss,
199,Billy Blacker,Blacker
200,Billy Crellin,Crellin
201,Billy Gilmour,Gilmour
202,Billy Koumetio,Koumetio
203,Billy Sharp,Sharp
204,Björn Engels,Engels
205,Bobby Clark,Clark
206,Bobby De Cordova Reid,De Cordova-Reid
207,Bobby Decordova Reid,Decordova-Reid
208,Bobby Thomas,Thomas
209,Boubacar Kamara,Kamara
210,Boubacar Traoré,Traoré
211,Boubakary Soumaré,Soumaré
212,Bradley Ibrahim,Ibrahim
213,Braian Ojeda Rodríguez,Ojeda
214,Brajan Gruda,
215,Brandon Aguilera Zamora,B.Aguilera
216,Brandon Austin,Austin
217,Brandon Pierrick,Pierrick
218,Brandon Williams,Williams
219,Branislav Ivanovic,Ivanovic
220,Brayden Clarke,
221,Brenden Aaronson,Aaronson
222,Brennan Johnson,Johnson
223,Brice Samba,Samba
224,Bruno André Cavaco Jordão,Jordão
225,Bruno Borges Fernandes,Fernandes
226,Bruno Cavaco Jordão,Jordão
227,Bruno Guimarães Rodriguez Moura,Bruno Guimarães
228,Bryan Gil Salvatierra,Bryan
229,Bryan Mbeumo,Mbeumo
230,Bukayo Saka,Saka
231,Bénie Traoré,T.Bénie
232,CJ Egan Riley,Egan-Riley
233,Caleb Kporha,
234,Caleb Okoli,
235,Caleb Taylor,Taylor
236,Caleb Watts,Watts
237,Caleb Wiley,
238,Callan McKenna,McKenna
239,Callum Bates,
240,Callum Hudson Odoi,Hudson-Odoi
241,Callum Marshall,Marshall
242,Callum Olusesi,
243,Callum Robinson,Callum Robinson
244,Callum Scanlon,Scanlon
245,Callum Wilson,Wilson
246,Calum Chambers,Chambers
247,Calvin Bassey,Bassey
248,Calvin Ramsay,Ramsay
249,Cameron Archer,Archer
250,Cameron Burgess,
251,Cameron Carter Vickers,Carter-Vickers
252,Cameron Humphreys,
253,Cameron Peupion,Peupion
254,Cameron Plain,Plain
255,Caoimhin Kelleher,Kelleher
256,Carl Rushworth,
257,Carlos Alcaraz Durán,
258,Carlos Baleba,Baleba
259,Carlos Henrique Casimiro,Casemiro
260,Carlos Mendes Gomes,Mendes
261,Carlos Miguel dos Santos Pereira,
262,Carlos Ribeiro Dias,Cafú
263,Carlos Roberto Forbs Borges,
264,Carlos Soler,
265,Carlos Vinícius Alves Morais,Vinícius
266,Carlton Morris,Morris
267,Carney Chukwuemeka,Chukwuemeka
268,Cauley Woodrow,Woodrow
269,Cedric Kipre,Kipre
270,Cengiz Ünder,Ünder
271,Cenk Tosun,Tosun
272,Cesare Casadei,Casadei
273,Chadi Riad Dnanou,
274,Charles Sagoe,Sagoe
275,Charlie Austin,Austin
276,Charlie Cresswell,Cresswell
277,Charlie Goode,Goode
278,Charlie Patino,Patino
279,Charlie Robinson,C.Robinson
280,Charlie Savage,Savage
281,Charlie Tasker,
282,Charlie Taylor,Taylor
283,Charlie Whitaker,Whitaker
284,Che Adams,Adams
285,Cheick Doucouré,C.Doucouré
286,Cheikh Diaby,Diaby
287,Cheikhou Kouyaté,Kouyaté
288,Chem Campbell,Campbell
289,Chido Obi Martin,
290,Chiedozie Ogbene,Ogbene
291,Chris Basham,Basham
292,Chris Mepham,Mepham
293,Chris Richards,Richards
294,Chris Smalling,Smalling
295,Chris Wood,Wood
296,Christian Atsu,Atsu
297,Christian Benteke,Benteke
298,Christian Chigozie,Chigozie
299,Christian Eriksen,Eriksen
300,Christian Fuchs,Fuchs
301,Christian Kabasele,Kabasele
302,Christian Marques,Marques
303,Christian Nørgaard,Nørgaard
304,Christian Pulisic,Pulisic
305,Christian Saydee,Saydee
306,Christian Walton,Walton
307,Christoph Zimmermann,Zimmermann
308,Christopher Nkunku,Nkunku
309,Christos Tzolis,Tzolis
310,Ciaran Clark,Clark
311,Cieran Slicker,Slicker
312,Claudio Bravo,Bravo
313,Claudio Echeverri,
314,Claudio Gomes,Gomes
315,Clément Lenglet,Lenglet
316,Coby Ebere,
317,Cody Drameh,Drameh
318,Cody Gakpo,Gakpo
319,Cole Palmer,Palmer
320,Connor Roberts,Roberts
321,Connor Ronan,Ronan
322,Connor Wickham,Wickham
323,Conor Bradley,Bradley
324,Conor Chaplin,
325,Conor Coady,Coady
326,Conor Coventry,Coventry
327,Conor Gallagher,Gallagher
328,Conor Hourihane,Hourihane
329,Conor Townsend,Townsend
330,Conrad Egan Riley,Egan-Riley
331,Corrie Ndaba,
332,Craig Cathcart,Cathcart
333,Craig Dawson,Dawson
334,Cristian Romero,Romero
335,Cristiano Ronaldo dos Santos Aveiro,Ronaldo
336,Crysencio Summerville,Summerville
337,Curtis Jones,Jones
338,Cyrus Christie,Christie
339,Cédric Alves Soares,Cédric
340,César Azpilicueta,Azpilicueta
341,Daichi Kamada,
342,Daiki Hashioka,Hashioka
343,Dale Stephens,Stephens
344,Dale Taylor,Dale Taylor
345,Damola Ajayi,
346,Dan Burn,Burn
347,Dan Gosling,Gosling
348,Dan Potts,Potts
349,Dane Scarlett,Scarlett
350,Dango Ouattara,Ouattara
351,Daniel Adu Adjei,Adu-Adjei
352,Daniel Amartey,Amartey
353,Daniel Bachmann,Bachmann
354,Daniel Bentley,Bentley
355,Daniel Castelo Podence,Podence
356,Daniel Ceballos Fernández,Ceballos
357,Daniel Chesters,Chesters
358,Daniel Gore,Gore
359,Daniel Iversen,Iversen
360,Daniel James,James
361,Daniel Jebbison,Jebbison
362,Daniel Langley,Langley
363,Daniel Muñoz,Muñoz
364,Daniel N'Lundulu,N'Lundulu
365,Danilo dos Santos de Oliveira,Danilo
366,Danny Ings,Ings
367,Danny Rose,Rose
368,Danny Ward,Ward
369,Danny Welbeck,Welbeck
370,Dante Cassanova,
371,Dara Costelloe,Costelloe
372,Dara O'Shea,O'Shea
373,Darko Churlinov,Churlinov
374,Darko Gyabi,Gyabi
375,Darnell Furlong,Furlong
376,Darren Randolph,Randolph
377,Darwin Núñez Ribeiro,Darwin
378,David Brooks,Brooks
379,David Button,Button
380,David Datro Fofana,D.D.Fofana
381,David De Gea Quintana,De Gea
382,David Luiz Moreira Marinho,David Luiz
383,David McGoldrick,McGoldrick
384,David Ozoh,Ozoh
385,David Raya Martin,Raya
386,Davinson Sánchez,Sánchez
387,Davy Pröpper,Pröpper
388,DeAndre Yedlin,Yedlin
389,Dean Henderson,Henderson
390,Dean Huijsen,
391,Declan Rice,Rice
392,Deivid Washington de Souza Eugênio,Deivid
393,Dejan Kulusevski,Kulusevski
394,Dele Alli,Dele
395,Demarai Gray,Gray
396,Denis Franchi,Franchi
397,Denis Odoi,Odoi
398,Denis Zakaria,Zakaria
399,Deniz Undav,Undav
400,Dennis Praet,Praet
401,Dermot Mee,Mee
402,Destiny Udogie,Udogie
403,Detlef Esapa Osong,Osong
404,Devan Tanton,Tanton
405,Dexter Lembikisa,Lembikisa
406,Diego Carlos Santos Silva,Diego Carlos
407,Diego Da Silva Costa,Diego Costa
408,Diego Gómez,
409,Diego Llorente,Llorente
410,Diego Manuel Jadon da Silva Moreira,Diego Moreira
411,Dilan Markanday,Markanday
412,Dimitris Giannoulis,Giannoulis
413,Diogo Dalot Teixeira,Dalot
414,Diogo Jota,Jota
415,Diogo Pinheiro Monteiro,Monteiro
416,Diogo Teixeira da Silva,Diogo Jota
417,Dion Pereira,Pereira
418,Dion Sanderson,Sanderson
419,Divin Mubama,Mubama
420,Divock Origi,Origi
421,Djed Spence,Spence
422,Djordje Petrovic,
423,Domingos Quina,Quina
424,Dominic Ballard,Ballard
425,Dominic Calvert Lewin,Calvert-Lewin
426,Dominic Dos Santos Martins,Martins
427,Dominic Sadi,Sadi
428,Dominic Solanke Mitchell,
429,Dominic Thompson,Thompson
430,Dominik Szoboszlai,Szoboszlai
431,Donny van de Beek,van de Beek
432,Donyell Malen,
433,Douglas Luiz Soares de Paulo,Douglas Luiz
434,Dovydas Sasnauskas,Sasnauskas
435,Duje Caleta Car,Caleta-Car
436,Dwight Gayle,Gayle
437,Dwight McNeil,McNeil
438,Dynel Simeu,Simeu
439,Eberechi Eze,Eze
440,Ed Turns,Turns
441,Eddie Beach,Beach
442,Eddie Nketiah,Nketiah
443,Ederson Santana de Moraes,Ederson
444,Edinson Cavani,Cavani
445,Edo Kayembe,Kayembe
446,Edouard Mendy,Mendy
447,Edson Álvarez Velázquez,Álvarez
448,Edward Nketiah,Nketiah
449,Eiran Cashin,
450,Eldin Jakupovic,Jakupovic
451,Elia Caprile,Caprile
452,Elijah Adebayo,Adebayo
453,Elijah Campbell,Campbell
454,Elkan Baggott,
455,Ellery Balcombe,Balcombe
456,Elliot Anderson,Anderson
457,Elliot Thorpe,Thorpe
458,Ellis Simms,Simms
459,Elyh Harrison,
460,Emerson Leite de Souza Junior,Emerson Royal
461,Emerson Palmieri dos Santos,Emerson
462,Emil Krafth,Krafth
463,Emile Smith Rowe,Smith Rowe
464,Emiliano Buendía Stati,Buendía
465,Emiliano Marcondes,Marcondes
466,Emiliano Martínez Romero,Martínez
467,Emmanuel Agbadou,
468,Emmanuel Dennis,Dennis
469,Enda Stevens,Stevens
470,Endo Wataru,
471,Enes Ünal,Enes Ünal
472,Enock Agyei,Agyei
473,Enock Mwepu,Mwepu
474,Enso González,González
475,Enzo Barrenechea,
476,Enzo Fernández,Enzo
477,Eric Bailly,Bailly
478,Eric Dier,Dier
479,Eric Garcia,Garcia
480,Eric da Silva Moreira,
481,Erik Lamela,Lamela
482,Erik Pieters,Pieters
483,Erling Haaland,Haaland
484,Ethan Ampadu,Ampadu
485,Ethan Brierley,Brierley
486,Ethan Horvath,Horvath
487,Ethan Nwaneri,Nwaneri
488,Ethan Pinnock,Pinnock
489,Ethan Wady,Wady
490,Ethan Wheatley,Wheatley
491,Euan Pollock,Pollock
492,Evan Ferguson,Ferguson
493,Ezgjan Alioski,Alioski
494,Ezra Mayers,
495,Ezri Konsa Ngoyo,Konsa
496,Fabian Delph,Delph
497,Fabian Mrozek,Mrozek
498,Fabian Schär,Schär
499,Fabio Carvalho,Carvalho
500,Fabio Henrique Tavares,Fabinho
501,Fabián Balbuena,Balbuena
502,Fabricio Agosto Ramírez,Fabri
503,Facundo Buonanotte,Buonanotte
504,Facundo Pellistri Rebollo,Pellistri
505,Faustino Anjorin,Anjorin
506,Federico Chiesa,
507,Federico Fernández,Fernández
508,Felipe Anderson Pereira Gomes,Felipe Anderson
509,Felipe Augusto de Almeida Monteiro,Felipe
510,Felipe Rodrigues da Silva,
511,Felix Nmecha,Nmecha
512,Femi Seriki,Seriki
513,Ferdi Kadioglu,
514,Fernando Luiz Rosa,Fernandinho
515,Fernando Marçal,Marçal
516,Ferran Torres,Torres
517,Fikayo Tomori,Tomori
518,Filip Benkovic,Benkovic
519,Filip Jørgensen,
520,Filip Krovinovic,Krovinovic
521,Filip Marschall,Marschall
522,Fin Stevens,Stevens
523,Finley Munroe,Munroe
524,Finley Stevens,Stevens
525,Fletcher Holman,Holman
526,Florian Lejeune,Lejeune
527,Florin Andone,Andone
528,Flynn Downes,Downes
529,Fodé Ballo Touré,Ballo-Touré
530,Folarin Balogun,Balogun
531,Francisco Casilla Cortés,Casilla
532,Francisco Evanilson de Lima Barbosa,
533,Francisco Femenía Far,Femenía
534,Francisco Jorge Tomás Oliveira,Chiquinho
535,Francisco Machado Mota de Castro Trincão,Trincão
536,Francisco Sierralta,Sierralta
537,Franco Umeh Chibueze,Umeh-Chibueze
538,Frank Onyeka,Onyeka
539,Frankie Maguire,Maguire
540,Fraser Forster,Forster
541,Fred Onyedinma,Onyedinma
542,Freddie Ladapo,
543,Freddie Simmonds,
544,Freddie Woodman,Woodman
545,Frederico Rodrigues de Paula Santos,Fred
546,Frederik Alves,Alves
547,Frédéric Guilbert,Guilbert
548,Fábio Ferreira Vieira,Fábio Vieira
549,Fábio Freitas Gouveia Carvalho,Carvalho
550,Fábio Silva,Fábio Silva
551,Gabriel Fernando de Jesus,Jesus
552,Gabriel Martinelli Silva,Martinelli
553,Gabriel Osho,Osho
554,Gabriel Słonina,Slonina
555,Gabriel dos Santos Magalhães,Gabriel
556,Gaetano Berardi,Berardi
557,Garang Kuol,Kuol
558,Gareth Bale,Bale
559,Gary Cahill,Cahill
560,Gavin Bazunu,Bazunu
561,Gavin Kilkenny,Kilkenny
562,Gedson Carvalho Fernandes,Fernandes
563,Genesis Antwi,
564,George Abbott,Abbott
565,George Baldock,Baldock
566,George Earthy,Earthy
567,George Edmundson,
568,George Hirst,
569,George Shelvey,G.Shelvey
570,George Wickens,Wickens
571,Georginio Rutter,Rutter
572,Georginio Wijnaldum,Wijnaldum
573,Gianluca Scamacca,Scamacca
574,Giovani Lo Celso,Lo Celso
575,Giovanni Reyna,Reyna
576,Giulian Biancone,Biancone
577,Glen Rea,Rea
578,Glenn Murray,Murray
579,Godwill Kukonki,
580,Gonzalo Montiel,G.Montiel
581,Gonçalo Manuel Ganchinho Guedes,Guedes
582,Grady Diangana,Diangana
583,Granit Xhaka,Xhaka
584,Grant Hanley,Hanley
585,Guglielmo Vicario,Vicario
586,Guido Rodríguez,
587,Gustavo Hamer,Hamer
588,Gustavo Henrique Furtado Scarpa,Scarpa
589,Gustavo Nunes Fernandes Gomes,
590,Gylfi Sigurdsson,Sigurdsson
591,Habeeb Ogunneye,Ogunneye
592,Hakim Ziyech,Ziyech
593,Hal Robson Kanu,Robson-Kanu
594,Halil Dervişoğlu,Dervişoğlu
595,Hamed Traorè,H.Traorè
596,Hamza Choudhury,Choudhury
597,Han Noah Massengo,Massengo
598,Hannes Delcroix,Delcroix
599,Hannibal Mejbri,Mejbri
600,Harrison Armstrong,
601,Harrison Ashby,Ashby
602,Harrison Reed,Reed
603,Harry Amass,Amass
604,Harry Arter,Arter
605,Harry Boyes,Boyes
606,Harry Clarke,
607,Harry Howell,
608,Harry Kane,Kane
609,Harry Lewis,Lewis
610,Harry Maguire,Maguire
611,Harry Souttar,Souttar
612,Harry Toffolo,Toffolo
613,Harry Tyrer,Tyrer
614,Harry Wilson,Harry Wilson
615,Harry Winks,Winks
616,Harvey Barnes,Barnes
617,Harvey Davies,H.Davies
618,Harvey Elliott,Elliott
619,Harvey Griffiths,Griffiths
620,Harvey Vale,Vale
621,Harvey White,White
622,Hassane Kamara,Kamara
623,Haydon Roberts,Roberts
624,Henri Lansbury,Lansbury
625,Henry Cartwright,
626,Hjalmar Ekdal,Ekdal
627,Hubert Graczyk,
628,Hugo Bueno López,Bueno
629,Hugo Lloris,Lloris
630,Hwang Hee chan,Hwang
631,Hwang Ui jo,Ui-jo
632,Hákon Valdimarsson,Valdimarsson
633,Héctor Bellerín,Bellerín
634,Hélder Wander Sousa de Azevedo e Costa,Costa
635,Ian Carlo Poveda Ocampo,Poveda-Ocampo
636,Ian Maatsen,Maatsen
637,Ibrahim Osman,
638,Ibrahim Sangaré,Sangaré
639,Ibrahima Diallo,Diallo
640,Ibrahima Konaté,Konaté
641,Idrissa Gueye,Gueye
642,Igor Julio dos Santos de Paulo,Igor
643,Igor Thiago Nascimento Rodrigues,
644,Iliman Ndiaye,Ndiaye
645,Ilkay Gündogan,Gündogan
646,Illan Meslier,Meslier
647,Illia Zabarnyi,Zabarnyi
648,Imari Samuels,Samuels
649,Imrân Louza,Louza
650,Indiana Vassilev,Vassilev
651,Ionuț Radu,Radu
652,Isaac Hayden,Hayden
653,Isaac Heath,
654,Isaac Price,Price
655,Isaac Success Ajayi,Success
656,Ishé Samuels Smith,Samuels-Smith
657,Islam Slimani,Slimani
658,Ismaila Coulibaly,Coulibaly
659,Ismaïla Sarr,
660,Ismeal Kabia,
661,Issa Diop,Diop
662,Issa Kaboré,Kaboré
663,Ivan Neves Abreu Cavaleiro,Cavaleiro
664,Ivan Perišić,Perišić
665,Ivan Toney,Toney
666,Ivo Grbic,Grbić
667,Iwan Morgan,
668,Jack Butland,Butland
669,Jack Clarke,
670,Jack Colback,Colback
671,Jack Cork,Cork
672,Jack Fletcher,
673,Jack Grealish,Grealish
674,Jack Grieves,Grieves
675,Jack Harrison,Harrison
676,Jack Henry Francis,
677,Jack Hinshelwood,Hinshelwood
678,Jack Jenkins,Jenkins
679,Jack Moorhouse,
680,Jack O'Connell,O'Connell
681,Jack Porter,
682,Jack Robinson,Jack Robinson
683,Jack Stacey,Stacey
684,Jack Stephens,Stephens
685,Jack Taylor,
686,Jack Walton,Walton
687,Jack Wells Morrison,Wells-Morrison
688,Jack Wilshere,Wilshere
689,Jackson Smith,Smith
690,Jacob Brown,Brown
691,Jacob Bruun Larsen,Bruun Larsen
692,Jacob Greaves,
693,Jacob Murphy,Murphy
694,Jacob Ramsey,Ramsey
695,Jacob Slater,
696,Jacob Sørensen,Sørensen
697,Jacob Wright,Wright
698,Jadan Raymond,Raymond
699,Jaden Philogene,
700,Jadon Sancho,Sancho
701,Jahmai Simpson Pusey,
702,Jaidon Anthony,Anthony
703,Jairo Riedewald,Riedewald
704,Jake Cain,Cain
705,Jake Evans,
706,Jake Livermore,Livermore
707,Jake O'Brien,O'Brien
708,Jake Vokins,Vokins
709,Jakub Kiwior,Kiwior
710,Jakub Moder,Moder
711,Jakub Ojrzynski,Ojrzynski
712,Jakub Stolarczyk,
713,Jamaal Lascelles,Lascelles
714,Jamal Baptiste,Baptiste
715,Jamal Lewis,Lewis
716,Jamal Lowe,Lowe
717,Jamaldeen Jimoh,
718,James Bree,Bree
719,James Furlong,Furlong
720,James Garner,Garner
721,James Hill,Hill
722,James Justin,Justin
723,James Maddison,Maddison
724,James McArthur,McArthur
725,James McAtee,McAtee
726,James McCarthy,McCarthy
727,James McConnell,McConnell
728,James Milner,Milner
729,James Morris,Morris
730,James Rodríguez,Rodríguez
731,James Shea,Shea
732,James Storer,Storer
733,James Sweet,Sweet
734,James Tarkowski,Tarkowski
735,James Tomkins,Tomkins
736,James Trafford,Trafford
737,James Ward Prowse,Ward-Prowse
738,James Wright,Wright
739,Jamie Bowden,Bowden
740,Jamie Donley,Donley
741,Jamie McDonnell,McDonnell
742,Jamie Shackleton,Shackleton
743,Jamie Vardy,Vardy
744,Jan Bednarek,Bednarek
745,Jan Paul van Hecke,Van Hecke
746,Jan Zamburek,Zamburek
747,Jannik Vestergaard,Vestergaard
748,Japhet Tanganga,Tanganga
749,Jarell Quansah,Quansah
750,Jarosław Jach,Jach
751,Jarrad Branthwaite,Branthwaite
752,Jarrod Bowen,Bowen
753,Jason Steele,Steele
754,Javier Manquillo Gaitán,Manquillo
755,Jay Robinson,
756,Jay Rodriguez,Rodriguez
757,Jay Roy Grot,Grot
758,Jay Stansfield,Stansfield
759,Jayce Fitzgerald,
760,Jayden Bogle,Bogle
761,Jayden Danns,Danns
762,Jayden Luker,Luker
763,Jayden Meghoma,
764,Jayden Moore,
765,Jayson Molumby,Molumby
766,Jean Clair Todibo,
767,Jean Michaël Seri,Seri
768,Jean Philippe Gbamin,Gbamin
769,Jean Philippe Mateta,Mateta
770,Jean Ricner Bellegarde,Bellegarde
771,Jed Steer,Steer
772,Jeff Hendrick,Hendrick
773,Jefferson Lerma Solís,Lerma
774,Jeffrey Schlupp,Schlupp
775,Jens Cajuste,
776,Jensen Weir,Weir
777,Jenson Metcalfe,Metcalfe
778,Jeremiah Chilokoa Mullen,Chilokoa-Mullen
779,Jeremy Monga,
780,Jeremy Ngakia,Ngakia
781,Jeremy Sarmiento Morante,Sarmiento
782,Jesper Lindstrøm,
783,Jesse Lingard,Lingard
784,Jesurun Rak Sakyi,Rak-Sakyi
785,Jhon Durán,Durán
786,Jili Buyabu,Buyabu
787,Jimi Gower,
788,Jimi Tauriainen,Tauriainen
789,Jimmy Dunne,Dunne
790,Jimmy Morgan,Morgan
791,Joachim Andersen,Andersen
792,Joachim Kayi Sanda,
793,Joe Aribo,
794,Joe Bryan,Bryan
795,Joe Gardner,Gardner
796,Joe Gauci,Gauci
797,Joe Gelhardt,Gelhardt
798,Joe Gomez,Gomez
799,Joe Hart,Hart
800,Joe Hodge,Hodge
801,Joe Hugill,Hugill
802,Joe Knight,
803,Joe Lolley,Lolley
804,Joe Lumley,
805,Joe Rodon,Rodon
806,Joe Rothwell,Rothwell
807,Joe Taylor,Taylor
808,Joe White,White
809,Joe Whitworth,Whitworth
810,Joe Willock,Willock
811,Joe Wormleighton,Wormleighton
812,Joe Worrall,Worrall
813,Joel Matip,Matip
814,Joel Mumbongo,Mumbongo
815,Joel Robles,Robles
816,Joel Ward,Ward
817,Joelinton Cássio Apolinário de Lira,Joelinton
818,John Egan,Egan
819,John Fleck,Fleck
820,John Kymani Gordon,Gordon
821,John Lundstram,Lundstram
822,John McAtee,McAtee
823,John McGinn,McGinn
824,John Ruddy,Ruddy
825,John Stones,Stones
826,Jon McCracken,McCracken
827,Jonas Lössl,Lössl
828,Jonathan Castro Otto,Jonny
829,Jonathan Leko,Leko
830,Jonathan Panzo,Panzo
831,Jonathan Rowe,Rowe
832,Jonathan Tomkinson,Tomkinson
833,Jonjo Shelvey,Shelvey
834,Jonjoe Kenny,Kenny
835,Jonny Evans,Evans
836,Jordan Amissah,Amissah
837,Jordan Ayew,Ayew
838,Jordan Beyer,Beyer
839,Jordan Clark,Clark
840,Jordan Henderson,Henderson
841,Jordan Hugill,Hugill
842,Jordan Pickford,Pickford
843,Jordan Smith,Smith
844,Jordan Stevens,Stevens
845,Jordan Zemura,Zemura
846,Jorge Cuenca Barreno,
847,Jorge Luiz Frello Filho,Jorginho
848,Joseph Anang,Anang
849,Joseph Gomez,Gomez
850,Joseph Hodge,Hodge
851,Joseph Hungbo,Hungbo
852,Joseph Johnson,Johnson
853,Joseph McGlynn,McGlynn
854,Joseph O'Brien Whitmarsh,
855,Joseph Whitworth,Whitworth
856,Joseph Willock,Willock
857,Josh Acheampong,Acheampong
858,Josh Benson,Benson
859,Josh Bowler,Bowler
860,Josh Brooking,Brooking
861,Josh Brownhill,Brownhill
862,Josh Cullen,Cullen
863,Josh Dasilva,Dasilva
864,Josh Feeney,Feeney
865,Josh King,
866,Josh Maja,Maja
867,Josh Martin,Martin
868,Josh Nichols,
869,Josh Onomah,Onomah
870,Josh Powell,Powell
871,Josh Sims,Sims
872,Josh Wilson Esbrand,Wilson-Esbrand
873,Joshua Duffus,Duffus
874,Joshua King,King
875,Joshua Sargent,Sargent
876,Joshua Zirkzee,
877,José Ignacio Peleteiro Romallo,Jota
878,José Izquierdo,Izquierdo
879,José Malheiro de Sá,Sá
880,João Cavaco Cancelo,
881,João Filipe Iria Santos Moutinho,Moutinho
882,João Félix Sequeira,João Félix
883,João Neves Virgínia,J.Virginia
884,João Palhinha Gonçalves,Palhinha
885,João Pedro Ferreira Silva,
886,João Pedro Junqueira de Jesus,João Pedro
887,Joël Veltman,Veltman
888,Joško Gvardiol,Gvardiol
889,Juan Camilo Hernández Suárez,Cucho
890,Juan Foyth,Foyth
891,Juan Larios López,Larios
892,Juan Mata,Mata
893,Julian Eyestone,
894,Julian Jeanvier,Jeanvier
895,Julio Enciso,Enciso
896,Julio Soler,
897,Julián Araujo Zúñiga,
898,Julián Álvarez,Álvarez
899,Junior Firpo Adames,Firpo
900,Junior Stanislas,Stanislas
901,Juraj Kucka,Kucka
902,Jurriën Timber,J.Timber
903,Justin Devenny,
904,Justin Hubner,Hubner
905,Justin Kluivert,Kluivert
906,Jérémy Doku,Doku
907,Jóhann Berg Gudmundsson,Gudmundsson
908,Jørgen Strand Larsen,
909,Jürgen Locadia,Locadia
910,Kacper Kozłowski,Kozłowski
911,Kadan Young,Kadan Young
912,Kaden Rodney,Rodney
913,Kaelan Casey,Casey
914,Kai Havertz,Havertz
915,Kaide Gordon,Gordon
916,Kaine Kesler Hayden,Kesler Hayden
917,Kalidou Koulibaly,Koulibaly
918,Kalvin Phillips,Phillips
919,Kamaldeen Sulemana,Kamaldeen
920,Kamari Doyle,Doyle
921,Kamil Conteh,Conteh
922,Kamil Grosicki,Grosicki
923,Kamil Miazek,Miazek
924,Karl Darlow,Darlow
925,Karl Hein,Hein
926,Karlan Grant,Grant
927,Karlo Ziger,Ziger
928,Kasey McAteer,McAteer
929,Kasper Schmeichel,Schmeichel
930,Kayky da Silva Chagas,Kayky
931,Kayne Ramsay,Ramsay
932,Kean Bryan,Bryan
933,Keane Lewis Potter,Lewis-Potter
934,Keinan Davis,Davis
935,Kelechi Iheanacho,Iheanacho
936,Kell Watts,Watts
937,Kelland Watts,Watts
938,Ken Sema,Sema
939,Kenneth Zohore,Zohore
940,Kenny McLean,McLean
941,Kenny Tete,Tete
942,Kepa Arrizabalaga,Arrizabalaga
943,Kevin Danso,
944,Kevin De Bruyne,De Bruyne
945,Kevin Long,Long
946,Kevin Mbabu,Mbabu
947,Kevin McDonald,McDonald
948,Kevin Schade,Schade
949,Keylor Navas,Navas
950,Kgaogelo Chauke,Chauke
951,Ki Jana Hoever,Hoever
952,Kiano Dyer,Dyer
953,Kieffer Moore,Moore
954,Kieran Dowell,Dowell
955,Kieran Gibbs,Gibbs
956,Kieran Tierney,Tierney
957,Kieran Trippier,Trippier
958,Kiernan Dewsbury Hall,Dewsbury-Hall
959,Killian Cahill,
960,Killian Phillips,Phillips
961,Kim Ji soo,
962,Kjell Scherpen,Scherpen
963,Kobbie Mainoo,Mainoo
964,Kofi Balmer,Balmer
965,Konstantinos Mavropanos,Mavropanos
966,Konstantinos Tsimikas,Tsimikas
967,Kortney Hause,Hause
968,Kosta Nedeljković,
969,Kris Moore,Moore
970,Kristian Sekularac,Sekularac
971,Kristoffer Ajer,Ajer
972,Kristoffer Klaesson,Klaesson
973,Krisztián Hegyi,Hegyi
974,Kurt Zouma,Zouma
975,Kwadwo Baah,Baah
976,Kyle Bartley,Bartley
977,Kyle Edwards,Edwards
978,Kyle John,John
979,Kyle Walker,Walker
980,Kyron Gordon,Gordon
981,Lamare Bogarde,Bogarde
982,Lander Emery,Emery
983,Lawrence Vigouroux,Vigouroux
984,Layvin Kurzawa,Kurzawa
985,Leander Dendoncker,Dendoncker
986,Leandro Trossard,Trossard
987,Lee Grant,Grant
988,Lee Peltier,Peltier
989,Leif Davis,Davis
990,Leigh Kavanagh,Kavanagh
991,Leighton Clarkson,Clarkson
992,Leny Yoro,
993,Leo Castledine,Castledine
994,Leo Fuhr Hjelde,Hjelde
995,Leon Bailey,Bailey
996,Leon Chiwome,Chiwome
997,Leonardo Campana,Campana
998,Lesley Ugochukwu,Ugochukwu
999,Levi Colwill,Colwill
1000,Lewis Bate,Bate
1001,Lewis Brunt,Brunt
1002,Lewis Cook,Cook
1003,Lewis Dobbin,Dobbin
1004,Lewis Dunk,Dunk
1005,Lewis Hall,Hall
1006,Lewis Koumas,Koumas
1007,Lewis Miley,Miley
1008,Lewis O'Brien,O'Brien
1009,Lewis Orford,Orford
1010,Lewis Payne,Payne
1011,Lewis Richards,Richards
1012,Lewis Warrington,Warrington
1013,Liam Cooper,Cooper
1014,Liam Delap,Delap
1015,Liam Gibbs,Gibbs
1016,Liam Hughes,Hughes
1017,Liam McCarron,McCarron
1018,Lino da Cruz Sousa,
1019,Lisandro Martínez,Martínez
1020,Lloyd Kelly,Kelly
1021,Lorenz Assignon,Assignon
1022,Loris Karius,Karius
1023,Louie Marsh,Marsh
1024,Louie Moulden,Moulden
1025,Louie Watson,Watson
1026,Louis Jackson,Jackson
1027,Loïc Badé,Badé
1028,Loïc Mbe Soh,Mbe Soh
1029,Luc De Fougerolles,De Fougerolles
1030,Luca Barrington,Barrington
1031,Luca Koleosho,Koleosho
1032,Luca Williams Barnett,
1033,Lucas Bergström,Bergström
1034,Lucas Bergvall,
1035,Lucas De Bolle,De Bolle
1036,Lucas Digne,Digne
1037,Lucas Rodrigues Moura da Silva,Lucas Moura
1038,Lucas Tolentino Coelho de Lima,Paquetá
1039,Lucas Torreira di Pascua,Torreira
1040,Ludwig Augustinsson,Augustinsson
1041,Luis Díaz,Luis Díaz
1042,Luis Guilherme Lira dos Santos,
1043,Luis Sinisterra,Sinisterra
1044,Luka Milivojevic,Milivojevic
1045,Lukas Rupp,Rupp
1046,Lukasz Fabianski,Fabianski
1047,Luke Ayling,Ayling
1048,Luke Berry,Berry
1049,Luke Chambers,Chambers
1050,Luke Cundle,Cundle
1051,Luke Freeman,Freeman
1052,Luke Harris,Harris
1053,Luke Mbete Tabu,Mbete
1054,Luke McNally,McNally
1055,Luke Plange,Plange
1056,Luke Shaw,Shaw
1057,Luke Thomas,Thomas
1058,Luke Woolfenden,
1059,Lyanco Silveira Neves Vojnovic,Lyanco
1060,Lyle Foster,Foster
1061,Lyle Taylor,Lyle Taylor
1062,Lys Mousset,Mousset
1063,Léo Bonatini,Bonatini
1064,Mace Goodridge,Goodridge
1065,Mackenzie Hunt,Hunt
1066,Mads Bech Sørensen,Sørensen
1067,Mads Bidstrup,Bidstrup
1068,Mads Hermansen,
1069,Mads Juel Andersen,Andersen
1070,Mads Roerslev Rasmussen,Roerslev
1071,Maeson King,
1072,Mahamadou Susoho,Susoho
1073,Mahmoud Ahmed Ibrahim Hassan,Trézéguet
1074,Mahmoud Dahoud,Dahoud
1075,Malachi Hardy,
1076,Malang Sarr,Sarr
1077,Malcolm Ebiowei,Ebiowei
1078,Maldini Kacurri,
1079,Malo Gusto,Gusto
1080,Mamadou Sakho,Sakho
1081,Manor Solomon,Solomon
1082,Manuel Akanji,Akanji
1083,Manuel Benson Hedilazio,Benson
1084,Manuel Lanzini,Lanzini
1085,Manuel Ugarte,
1086,Marc Albrighton,Albrighton
1087,Marc Cucurella Saseta,Cucurella
1088,Marc Guiu Paz,
1089,Marc Guéhi,Guéhi
1090,Marc Jurado Gomez,Jurado
1091,Marc Leonard,Leonard
1092,Marc Navarro,Navarro
1093,Marc Roca Junqué,Roca
1094,Marcel Lavinier,Lavinier
1095,Marcel Sabitzer,Sabitzer
1096,Marcelo Flores,Flores
1097,Marcelo de Araújo Pitaluga Filho,Pitaluga
1098,Marco Asensio,
1099,Marco Stiepermann,Stiepermann
1100,Marcos Alonso,Alonso
1101,Marcos Rojo,Rojo
1102,Marcos Senesi,Senesi
1103,Marcus Bettinelli,Bettinelli
1104,Marcus Forss,Forss
1105,Marcus Myers Harness,
1106,Marcus Oliveira Alencar,Marquinhos
1107,Marcus Rashford,Rashford
1108,Marcus Tavernier,Tavernier
1109,Marek Rodák,Rodák
1110,Mario Lemina,Lemina
1111,Mark Flekken,Flekken
1112,Mark Gillespie,Gillespie
1113,Mark Noble,Noble
1114,Mark O’Mahony,O’Mahony
1115,Mark Travers,Travers
1116,Marshall Munetsi,
1117,Martial Godo,Godo
1118,Martin Dúbravka,
1119,Martin Kelly,Kelly
1120,Martin Sherif,
1121,Martin Ødegaard,Ødegaard
1122,Martín Montoya,Montoya
1123,Marvelous Nakamba,Nakamba
1124,Mason Burstow,Burstow
1125,Mason Greenwood,Greenwood
1126,Mason Holgate,Holgate
1127,Mason Mount,Mount
1128,Massimo Luongo,
1129,Matai Akinmboni,
1130,Matej Kovár,Kovár
1131,Matej Vydra,Vydra
1132,Mateo Joseph Fernández,Mateo Joseph
1133,Mateo Kovacic,Kovacic
1134,Mateo Kovačić,Kovačić
1135,Mateus Cardoso Lemos Martins,Tetê
1136,Mateus Gonçalo Espanha Fernandes,
1137,Mateus Mané,
1138,Mateusz Bogusz,Bogusz
1139,Mateusz Klich,Klich
1140,Mateusz Lis,Lis
1141,Matheus França de Oliveira,Matheus França
1142,Matheus Luiz Nunes,Matheus
1143,Matheus Pereira,Pereira
1144,Matheus Santos Carneiro Da Cunha,Cunha
1145,Mathew Ryan,Ryan
1146,Mathias Jensen,Jensen
1147,Mathias Jorgensen,Zanka
1148,Mathias Normann,Normann
1149,Mathis Amougou,
1150,Mathys Tel,
1151,Matija Sarkic,Sarkic
1152,Matija Šarkić,Šarkić
1153,Mats Wieffer,
1154,Matt Clarke,Clarke
1155,Matt Doherty,Doherty
1156,Matt Macey,Macey
1157,Matt O'Riley,
1158,Matt Phillips,Phillips
1159,Matt Ritchie,Ritchie
1160,Matt Targett,Targett
1161,Matt Turner,Turner
1162,Matthew Cash,Cash
1163,Matthew Clarke,Clarke
1164,Matthew Cox,Cox
1165,Matthew Craig,Craig
1166,Matthew Dibley Dias,Dibley-Dias
1167,Matthew Longstaff,Matty Longstaff
1168,Matthew Lowton,Lowton
1169,Matthew Pollock,Pollock
1170,Matthew Smith,Smith
1171,Matthew Whittingham,Whittingham
1172,Matthijs de Ligt,
1173,Matty Cash,Cash
1174,Matty James,James
1175,Mattéo Guendouzi,Guendouzi
1176,Matz Sels,Sels
1177,Matías Viña,Viña
1178,Mauro Bandeira,Bandeira
1179,Max Aarons,Aarons
1180,Max Alleyne,
1181,Max Kilman,Kilman
1182,Max Kinsey,Kinsey
1183,Max Lowe,Lowe
1184,Max Meyer,Meyer
1185,Max Sanders,Sanders
1186,Max Thompson,Thompson
1187,Maxence Lacroix,
1188,Maxime Esteve,Estève
1189,Maxime Le Marchand,Le Marchand
1190,Maximilian Wöber,Wöber
1191,Maxwel Cornet,Cornet
1192,Maxwell Haygarth,Haygarth
1193,Mazeed Ogungbo,Ogungbo
1194,Mbaye Diagne,Diagne
1195,Mbwana Ally Samatta,Samatta
1196,Meritan Shabani,Shabani
1197,Mesut Özil,Özil
1198,Micah Hamilton,Hamilton
1199,Michael Dacosta Gonzalez,Dacosta Gonzalez
1200,Michael Golding,
1201,Michael Hector,Hector
1202,Michael Kayode,
1203,Michael Keane,Keane
1204,Michael McGovern,McGovern
1205,Michael Ndiweni,Ndiweni
1206,Michael Obafemi,Obafemi
1207,Michael Olise,Olise
1208,Michael Verrips,Verrips
1209,Michail Antonio,Antonio
1210,Michale Olakigbe,
1211,Michał Karbownik,Karbownik
1212,Michy Batshuayi,Batshuayi
1213,Micky van de Ven,Van de Ven
1214,Miguel Almirón Rejala,Almirón
1215,Miguel Azeez,Azeez
1216,Mika Biereth,Biereth
1217,Mike Trésor,M.Trésor
1218,Mikel Merino,
1219,Mikey Moore,Moore
1220,Mikkel Damsgaard,Damsgaard
1221,Milos Kerkez,Kerkez
1222,Milot Rashica,Rashica
1223,Min Hyeok Yang,
1224,Miodrag Pivaš,
1225,Mislav Orsic,Orsic
1226,Mitoma Kaoru,
1227,Mohamed Dräger,Dräger
1228,Mohamed Elneny,Elneny
1229,Mohamed Elyounoussi,Elyounoussi
1230,Mohamed Salah,Salah
1231,Mohammed Kudus,Kudus
1232,Mohammed Salisu,Salisu
1233,Moise Kean,Kean
1234,Moisés Caicedo Corozo,Caicedo
1235,Morgan Gibbs White,Gibbs-White
1236,Morgan Rogers,Rogers
1237,Morgan Sanson,Sanson
1238,Moussa Diaby,Diaby
1239,Moussa Djenepo,Djenepo
1240,Moussa Niakhaté,Niakhaté
1241,Moussa Sissoko,Sissoko
1242,Murillo Santiago Costa dos Santos,Murillo
1243,Mykhailo Mudryk,Mudryk
1244,Myles Lewis Skelly,Lewis-Skelly
1245,Myles Peart Harris,Peart-Harris
1246,Máximo Perrone,Perrone
1247,N'Golo Kanté,Kanté
1248,Naby Keita,Keita
1249,Nampalys Mendy,Mendy
1250,Naouirou Ahamada,Ahamada
1251,Nasser Djiga,
1252,Nathan Aké,Aké
1253,Nathan Bishop,Bishop
1254,Nathan Broadhead,Broadhead
1255,Nathan Butler Oyedeji,Butler-Oyedeji
1256,Nathan Collins,Collins
1257,Nathan Ferguson,Ferguson
1258,Nathan Fraser,Fraser
1259,Nathan Patterson,Patterson
1260,Nathan Redmond,Redmond
1261,Nathan Tella,Tella
1262,Nathan Trott,Trott
1263,Nathan Wood Gordon,
1264,Nathan Young Coombes,Young-Coombes
1265,Nathaniel Chalobah,Chalobah
1266,Nathaniel Clyne,Clyne
1267,Nathaniel Phillips,Phillips
1268,Nayef Aguerd,Aguerd
1269,Neal Maupay,Maupay
1270,Neco Williams,Neco Williams
1271,Neeskens Kebano,Kebano
1272,Neil Taylor,Taylor
1273,Nemanja Matic,Matic
1274,Niall Huggins,Huggins
1275,Nick Pope,Pope
1276,Niclas Füllkrug,
1277,Nico González,
1278,Nico O'Reilly,O'Reilly
1279,Nicolas Jackson,N.Jackson
1280,Nicolas Nkoulou,Nkoulou
1281,Nicolas Pépé,Pépé
1282,Nicolás Domínguez,Dominguez
1283,Nicolás Otamendi,Otamendi
1284,Nicolò Zaniolo,Zaniolo
1285,Niels Nkounkou,Nkounkou
1286,Nigel Lonwijk,Lonwijk
1287,Nikola Milenković,
1288,Nikola Vlasic,Vlasic
1289,Nikola Vlašić,Vlašić
1290,Nile John,John
1291,Noha Lemina,N.Lemina
1292,Nohan Kenneh,Kenneh
1293,Noni Madueke,Madueke
1294,Norberto Bercique Gomes Betuncal,Beto
1295,Norberto Murara Neto,Neto
1296,Noussair Mazraoui,
1297,Noël Atom,Atom
1298,Nuno Varela Tavares,Tavares
1299,Nélson Cabral Semedo,Semedo
1300,Odeluga Offiah,Offiah
1301,Odion Ighalo,Ighalo
1302,Odsonne Edouard,Edouard
1303,Odysseas Vlachodimos,Odysseas
1304,Oghenekaro Peter Etebo,Etebo
1305,Okay Yokuslu,Yokuslu
1306,Ola Aina,Aina
1307,Olabade Aluko,
1308,Oleksandr Zinchenko,Zinchenko
1309,Oliver Arblaster,Arblaster
1310,Oliver Burke,Burke
1311,Oliver Casey,Casey
1312,Oliver Hammond,Hammond
1313,Oliver McBurnie,McBurnie
1314,Oliver Norwood,Norwood
1315,Oliver Scarles,Scarles
1316,Oliver Skipp,Skipp
1317,Olivier Giroud,Giroud
1318,Oliwier Zych,Zych
1319,Ollie Harrison,Harrison
1320,Ollie Scarles,
1321,Ollie Watkins,Watkins
1322,Olu Aina,Aina
1323,Oluwasemilogo Adesewo Ibidapo Ajayi,Ajayi
1324,Omar Marmoush,
1325,Omar Richards,Richards
1326,Omari Forson,Forson
1327,Omari Giraud Hutchinson,
1328,Omari Kellyman,Kellyman
1329,Onel Hernández,Hernández
1330,Orel Mangala,Mangala
1331,Oriol Romeu Vidal,Oriol Romeu
1332,Oscar Bobb,Bobb
1333,Oskar Buur,Buur
1334,Owen Beck,Beck
1335,Owen Bevan,Bevan
1336,Owen Dodgson,Dodgson
1337,Owen Goodman,Goodman
1338,Owen Hampson,Hampson
1339,Owen Hesketh,Hesketh
1340,Owen Otasowie,Otasowie
1341,Ozan Kabak,Kabak
1342,Ozan Tufan,Tufan
1343,Pablo Fornals Malla,Fornals
1344,Pablo Hernández Domínguez,Hernández
1345,Pablo Marí Villar,Pablo Marí
1346,Pablo Sarabia,Sarabia
1347,Pape Matar Sarr,Sarr
1348,Paris Maghoma,Maghoma
1349,Pascal Groß,Groß
1350,Pascal Struijk,Struijk
1351,Patrick Bamford,Bamford
1352,Patrick Cutrone,Cutrone
1353,Patrick Dorgu,
1354,Patrick van Aanholt,van Aanholt
1355,Patrik Gunnarsson,Gunnarsson
1356,Patson Daka,Daka
1357,Pau Torres,Pau
1358,Paul Dummett,Dummett
1359,Paul Onuachu,Onuachu
1360,Paul Pogba,Pogba
1361,Paulo Gazzaniga Farias,Gazzaniga
1362,Pedro Cardoso de Lima,
1363,Pedro Lomba Neto,Neto
1364,Pedro Porro,Pedro Porro
1365,Pelenda Joshua Dasilva,Dasilva
1366,Pelly Ruddock Mpanzu,Mpanzu
1367,Percy Tau,Tau
1368,Pervis Estupiñán,Estupiñán
1369,Phil Bardsley,Bardsley
1370,Phil Foden,Foden
1371,Phil Jagielka,Jagielka
1372,Phil Jones,Jones
1373,Philip Billing,Billing
1374,Philip Zinckernagel,Zinckernagel
1375,Philippe Coutinho Correia,Coutinho
1376,Pierluigi Gollini,Gollini
1377,Pierre Ekwah,Ekwah
1378,Pierre Emerick Aubameyang,Aubameyang
1379,Pierre Emile Højbjerg,Højbjerg
1380,Pierre Lees Melou,Lees-Melou
1381,Pontus Jansson,Jansson
1382,Przemyslaw Placheta,Placheta
1383,Radek Vítek,Vítek
1384,Radu Dragusin,Drăgușin
1385,Radu Drăgușin,
1386,Raheem Sterling,Sterling
1387,Ramón Sosa,
1388,Raphael Dias Belloli,Raphinha
1389,Raphaël Varane,Varane
1390,Rasmus Højlund,Højlund
1391,Rasmus Kristensen,Kristensen
1392,Rayan Aït Nouri,Aït-Nouri
1393,Raúl Jiménez,Jiménez
1394,Reda Khadra,Khadra
1395,Reece Burke,Burke
1396,Reece Hannam,Hannam
1397,Reece James,James
1398,Reece Welch,Welch
1399,Reiss Nelson,Nelson
1400,Rekeem Harper,Harper
1401,Remi Matthews,Matthews
1402,Remo Freuler,Freuler
1403,Remy Rees Dottin,
1404,Renan Augusto Lodi dos Santos,Renan Lodi
1405,Renato Palma Veiga,
1406,Reuell Walters,Walters
1407,Rhian Brewster,Brewster
1408,Rhys Bennett,Bennett
1409,Rhys Norrington Davies,Norrington-Davies
1410,Rhys Williams,Rhys Williams
1411,Ricardo Barbosa Pereira,Ricardo
1412,Riccardo Calafiori,
1413,Richard Nartey,Nartey
1414,Richarlison de Andrade,Richarlison
1415,Richie Laryea,Laryea
1416,Rico Henry,Henry
1417,Rico Lewis,Lewis
1418,Riyad Mahrez,Mahrez
1419,Rob Holding,Holding
1420,Robbie Brady,Brady
1421,Robert Elliot,Elliot
1422,Robert Kenedy Nunes do Nascimento,Kenedy
1423,Robert Snodgrass,Snodgrass
1424,Robert Street,Street
1425,Robert Sánchez,Sánchez
1426,Roberto Firmino,Firmino
1427,Roberto Jimenez Gago,Roberto
1428,Robin Koch,Koch
1429,Robin Olsen,Olsen
1430,Rodrigo 'Rodri' Hernandez,
1431,Rodrigo Bentancur,Bentancur
1432,Rodrigo Duarte Ribeiro,Ribeiro
1433,Rodrigo Martins Gomes,
1434,Rodrigo Moreno,Rodrigo
1435,Rodrigo Muniz Carvalho,Muniz
1436,Rolando Aarons,Aarons
1437,Romain Esse,
1438,Romain Faivre,Faivre
1439,Romain Perraud,Perraud
1440,Romain Saïss,Saïss
1441,Romaine Mundle,Mundle
1442,Romaine Sawyers,Sawyers
1443,Roman Dixon,
1444,Romelu Lukaku Bolingoli,Lukaku
1445,Roméo Lavia,Lavia
1446,Ronnie Edwards,
1447,Ronnie Stutter,Stutter
1448,Roshaun Mathurin,Mathurin
1449,Ross Barkley,Barkley
1450,Ross Stewart,
1451,Ruairi McConville,
1452,Ruben Loftus Cheek,Loftus-Cheek
1453,Rui Pedro dos Santos Patrício,Patrício
1454,Ryan Alebiosu,Alebiosu
1455,Ryan Astley,Astley
1456,Ryan Bennett,Bennett
1457,Ryan Bertrand,Bertrand
1458,Ryan Christie,Christie
1459,Ryan Finnigan,Finnigan
1460,Ryan Fraser,Fraser
1461,Ryan Fredericks,Fredericks
1462,Ryan Giles,Giles
1463,Ryan Gravenberch,Gravenberch
1464,Ryan Inniss,Inniss
1465,Ryan Manning,
1466,Ryan Oné,Oné
1467,Ryan Sessegnon,Sessegnon
1468,Ryan Trevitt,Trevitt
1469,Ryan Yates,Yates
1470,Rúben Gato Alves Dias,Dias
1471,Rúben Nascimento Vinagre,Vinagre
1472,Rúben da Silva Neves,Neves
1473,Rúnar Alex Rúnarsson,Rúnarsson
1474,Sadio Mané,Mané
1475,Salah Eddine Oulad M'hand,Oulad M'hand
1476,Salomón Rondón,Rondón
1477,Sam Byram,Byram
1478,Sam Curtis,Curtis
1479,Sam Field,Field
1480,Sam Greenwood,Greenwood
1481,Sam Johnstone,Johnstone
1482,Sam Morsy,
1483,Sam Proctor,Proctor
1484,Sam Surridge,Surridge
1485,Sam Szmodics,
1486,Sam Waller,Waller
1487,Sam Woods,Woods
1488,Saman Ghoddos,Ghoddos
1489,Samir Caetano de Souza Santos,Samir
1490,Sammy Braybrooke,Braybrooke
1491,Samuel Amissah,
1492,Samuel Amo Ameyaw,Amo-Ameyaw
1493,Samuel Bastien,Bastien
1494,Samuel Edozie,Edozie
1495,Samuel Iling Junior,
1496,Samuel Kalu,Kalu
1497,Samuel Rak Sakyi,
1498,Samy Chouchane,Chouchane
1499,Sander Berge,Berge
1500,Sandro Tonali,Tonali
1501,Santiago Bueno,S.Bueno
1502,Sasa Kalajdzic,Kalajdžić
1503,Sasa Lukic,Lukic
1504,Saïd Benrahma,Benrahma
1505,Saúl Ñíguez,Saúl
1506,Saša Kalajdžić,
1507,Saša Lukić,Lukić
1508,Scott Banks,Banks
1509,Scott Carson,Carson
1510,Scott Dann,Dann
1511,Scott McKenna,McKenna
1512,Scott McTominay,McTominay
1513,Scott Twine,Twine
1514,Sead Kolasinac,Kolasinac
1515,Sean Longstaff,Sean Longstaff
1516,Sean McAllister,McAllister
1517,Sean Neave,
1518,Sebastian Revan,Revan
1519,Sepp van den Berg,Van den Berg
1520,Serge Aurier,Aurier
1521,Sergi Canós Tenés,Canós
1522,Sergio Agüero,Agüero
1523,Sergio Gómez,Sergio Gómez
1524,Sergio Reguilón,Reguilón
1525,Sergio Romero,Romero
1526,Shandon Baptiste,Baptiste
1527,Shane Duffy,Duffy
1528,Shane Flynn,Flynn
1529,Shane Long,Long
1530,Shaqai Forde,Forde
1531,Shea Charles,Charles
1532,Shkodran Mustafi,Mustafi
1533,Shola Shoretire,Shoretire
1534,Shumaira Mheuka,
1535,Sidnei Tavares,Tavares
1536,Sil Swinkels,Swinkels
1537,Simon Adingra,Adingra
1538,Simon Moore,Moore
1539,Siriki Dembélé,Dembélé
1540,Sofiane Boufal,Boufal
1541,Sofyan Amrabat,Amrabat
1542,Sokratis Papastathopoulos,Sokratis
1543,Solly March,March
1544,Solomon March,March
1545,Somto Boniface,
1546,Son Heung min,Son
1547,Sonny Perkins,Perkins
1548,Spike Brits,
1549,Stanley Mills,Mills
1550,Stefan Bajcetic,Bajcetic
1551,Stefan Bajčetić Maquieira,
1552,Stefan Johansen,Johansen
1553,Stefan Ortega Moreno,Ortega
1554,Stefan Parkes,Parkes
1555,Stephen Henderson,Henderson
1556,Stephy Mavididi,
1557,Steve Cook,Cook
1558,Steven Alzate,Alzate
1559,Steven Benda,Benda
1560,Steven Bergwijn,Bergwijn
1561,Stipe Perica,Perica
1562,Stuart Armstrong,Armstrong
1563,Stuart Dallas,Dallas
1564,Stuart McKinstry,McKinstry
1565,Sugawara Yukinari,
1566,Sven Botman,Botman
1567,Sydie Peck,Peck
1568,Sylvester Jasper,Jasper
1569,Sávio 'Savinho' Moreira de Oliveira,
1570,Séamus Coleman,
1571,Sébastien Haller,Haller
1572,Sékou Koné,
1573,Sékou Mara,Mara
1574,Tahith Chong,Chong
1575,Taiwo Awoniyi,Awoniyi
1576,Takumi Minamino,Minamino
1577,Tammy Abraham,Abraham
1578,Tanguy Ndombele,Ndombele
1579,Tanguy Ndombélé Alvaro,Ndombele
1580,Tariq Lamptey,Lamptey
1581,Tariqe Fosu Henry,Fosu
1582,Tawanda Chirewa,Chirewa
1583,Tawanda Maswanhise,Maswanhise
1584,Taylan Harris,Harris
1585,Taylor Gardner Hickman,Gardner-Hickman
1586,Taylor Harwood Bellis,Harwood-Bellis
1587,Taylor Perry,Perry
1588,Taylor Richards,Richards
1589,Tayo Adaramola,Adaramola
1590,Ted Curd,Curd
1591,Teddy Jenks,Jenks
1592,Teddy Sharman Lowe,Sharman-Lowe
1593,Teden Mengi,Mengi
1594,Teemu Pukki,Pukki
1595,Temple Ojinnaka,Ojinnaka
1596,Terence Kongolo,Kongolo
1597,Terry Ablade,Ablade
1598,Thakgalo Leshabela,Leshabela
1599,Thanawat Suengchitthawon,Suengchitthawon
1600,Theo Corbeanu,Corbeanu
1601,Theo Walcott,Walcott
1602,Thiago Alcántara do Nascimento,Thiago
1603,Thiago Emiliano da Silva,Thiago Silva
1604,Thierry Small,Small
1605,Thilo Kehrer,Kehrer
1606,Thomas Cannon,Cannon
1607,Thomas Dickson Peters,Dickson-Peters
1608,Thomas Kaminski,Kaminski
1609,Thomas McGill,McGill
1610,Thomas Partey,Partey
1611,Thomas Strakosha,Strakosha
1612,Thomas Wilson Brown,
1613,Tiago Çukur,Çukur
1614,Tim Iroegbunam,Iroegbunam
1615,Tim Krul,Krul
1616,Tim Ream,Ream
1617,Timo Werner,Werner
1618,Timothy Castagne,Castagne
1619,Timothy Fosu Mensah,Fosu-Mensah
1620,Tino Livramento,Livramento
1621,Tobi Omole,Omole
1622,Toby Alderweireld,Alderweireld
1623,Toby Collyer,Collyer
1624,Toby King,King
1625,Todd Cantwell,Cantwell
1626,Tom Cairney,Cairney
1627,Tom Cannon,
1628,Tom Cleverley,Cleverley
1629,Tom Davies,Davies
1630,Tom Edozie,
1631,Tom Heaton,Heaton
1632,Tom King,King
1633,Tom Lockyer,Lockyer
1634,Tom McGill,McGill
1635,Tom Taylor,
1636,Tomas Soucek,Soucek
1637,Tomiyasu Takehiro,
1638,Tommi O'Reilly,O'Reilly
1639,Tommy Doyle,Doyle
1640,Tommy Setford,
1641,Tomáš Souček,Souček
1642,Tony Springett,Springett
1643,Tony Yogane,
1644,Tosin Adarabioyo,Adarabioyo
1645,Toti António Gomes,Toti
1646,Travis Hernes,Hernes
1647,Travis Patterson,Patterson
1648,Trent Alexander Arnold,Alexander-Arnold
1649,Trevoh Chalobah,Chalobah
1650,Treymaurice Nyoni,Nyoni
1651,Tristan Crama,Crama
1652,Troy Deeney,Deeney
1653,Troy Parrott,Parrott
1654,Ty Barnett,Barnett
1655,Tyler Adams,Adams
1656,Tyler Dibling,Dibling
1657,Tyler Fredricson,
1658,Tyler Morton,Morton
1659,Tyler Onyango,Onyango
1660,Tyler Roberts,Roberts
1661,Tyrell Malacia,Malacia
1662,Tyrese Francois,Francois
1663,Tyrese Hall,Hall
1664,Tyrick Mitchell,Mitchell
1665,Tyrique George,George
1666,Tyrone Mings,Mings
1667,Valentino Livramento,Livramento
1668,Valentín Barco,Barco
1669,Valintino Adedokun,Adedokun
1670,Vicente Guaita,Guaita
1671,Victor Kristiansen,Kristiansen
1672,Victor Lindelöf,Lindelöf
1673,Victor da Silva,Vitinho
1674,Viljami Sinisalo,Sinisalo
1675,Vincent Angelini,Angelini
1676,Vini de Souza Costa,Vini Souza
1677,Virgil van Dijk,van Dijk
1678,Vitalii Mykolenko,Mykolenko
1679,Vitaly Janelt,Janelt
1680,Vitor Ferreira,Vitinha
1681,Vitor de Oliveira Nunes dos Reis,
1682,Vladimír Coufal,Coufal
1683,Vontae Daley Campbell,Daley-Campbell
1684,Vítezslav Jaros,
1685,Wanya Marçal Madivádua,
1686,Wayne Hennessey,Hennessey
1687,Welington Damascena Santos,
1688,Wes Burns,
1689,Wes Foderingham,Foderingham
1690,Wes Morgan,Morgan
1691,Wes Okoduwa,
1692,Wesley Fofana,Fofana
1693,Wesley Moraes Ferreira da Silva,Wesley
1694,Wesley Okoduwa,Okoduwa
1695,Weston McKennie,McKennie
1696,Wilfred Ndidi,Ndidi
1697,Wilfried Gnonto,Gnonto
1698,Wilfried Zaha,Zaha
1699,Will Alves,
1700,Will Dennis,Dennis
1701,Will Ferry,Ferry
1702,Will Hughes,Hughes
1703,Will Lankshear,
1704,Will Norris,Norris
1705,Will Smallbone,Smallbone
1706,William Fish,Fish
1707,William Osula,Osula
1708,William Saliba,Saliba
1709,William Smallbone,Smallbone
1710,William Troost Ekong,Troost-Ekong
1711,Willian Borges da Silva,Willian
1712,Willian José Da Silva,Willian José
1713,Willy Boly,Boly
1714,Willy Caballero,Caballero
1715,Willy Kambwala,Kambwala
1716,Wilson Odobert,Odobert
1717,Winston Reid,Reid
1718,Wout Faes,Faes
1719,Wout Weghorst,Weghorst
1720,Woyo Coulibaly,
1721,Xande Nascimento da Costa Silva,Xande Silva
1722,Xherdan Shaqiri,Shaqiri
1723,Yago de Santiago Alonso,Alonso
1724,Yan Valery,Valery
1725,Yankuba Minteh,
1726,Yasin Ayari,Ayari
1727,Yasser Larouci,Larouci
1728,Yegor Yarmoliuk,Yarmoliuk
1729,Yehor Yarmoliuk,
1730,Yerry Mina,Mina
1731,Yerson Mosquera,Mosquera
1732,Yoane Wissa,Wissa
1733,Yoshinori Muto,Muto
1734,Youri Tielemans,Tielemans
1735,Youssef Ramalho Chermiti,Y. Chermiti
1736,Yunus Emre Konak,
1737,Yves Bissouma,Bissouma
1738,Zach Abbott,
1739,Zach Awe,Awe
1740,Zach Marsh,
1741,Zack Nelson,Nelson
1742,Zack Steffen,Steffen
1743,Zain Silcott Duberry,
1744,Zak Brunt,Brunt
1745,Zak Sturge,Sturge
1746,Zak Swanson,Swanson
1747,Zeki Amdouni,Amdouni
1748,Zeze Steven Sessegnon,Sessegnon
1749,Zidane Iqbal,Iqbal
1750,Álex Moreno Lopera,
1751,Álvaro Fernández Carreras,Fernandez
1752,Ângelo Gabriel Borges Damaceno,Ângelo
1753,Çaglar Söyüncü,Söyüncü
1754,Ørjan Nyland,Nyland
1755,Đorđe Petrović,Petrović
1756,Łukasz Fabiański,
